Name,Company Name,Email,Phone
robert zimerman,ererer,aurora10@gmail.com,0465811031
alex,acme,aurora10@gmail.com,0465811031
bill,Unknown Organization,aurora10@gmail.com,0465811031
robert zimerman,ererer,aurora10@gmail.com,0465811031
aaa,acme,aurora10@gmail.com,0465811031
robert zimerman,ererer,aurora10@gmail.com,0465811031
robert zimerman,ererer,aurora10@gmail.com,0465811031
robert zimerman,ererer,aurora10@gmail.com,0465811031
robert zimerman,aa,aurora10@gmail.com,0465811031
robert zimerman,dd,aurora10@gmail.com,0465811031
john ,acme,aurora10@gmail.com,0465811031
robert zimerman,aaaaa,aurora10@gmail.com,0465811031
adfasdf,asdfa,aurora10@gmail.com,0465811031
asaa,dafasdfadsf,asdfasdf@fgfg.com,34523452
DS-Client,acme,sdfsdf3434@gmail.com,345345
erqr,qewrq,ppp@fgfg.com,3434
robert zimerman,sss,aurora10@gmail.com,0465811031
robert zimerman,rtrt,aurora10@gmail.com,0465811031
